日期,时间,经度方向,经度,纬度方向,纬度,海拔,速率,航向,卫星数量
2017年5月10日,9时32分38秒,E,11141.856,N,4047.533,1108米,22.22公里／小时,航向:253.6,05颗
2017年5月10日,9时32分39秒,E,11141.852,N,4047.532,1106米,20.37公里／小时,航向:254.3,05颗
2017年5月10日,9时32分39秒,E,11141.852,N,4047.532,1106米,20.37公里／小时,航向:254.3,05颗
2017年5月10日,9时32分41秒,E,11141.837,N,4047.557,1181米,22.22公里／小时,航向:252.0,06颗
2017年5月10日,9时32分42秒,E,11141.830,N,4047.563,1199米,22.22公里／小时,航向:255.4,06颗
2017年5月10日,9时32分43秒,E,11141.826,N,4047.561,1195米,25.93公里／小时,航向:257.0,06颗
2017年5月10日,9时32分44秒,E,11141.821,N,4047.560,1194米,25.93公里／小时,航向:258.9,06颗
2017年5月10日,9时32分45秒,E,11141.815,N,4047.559,1192米,25.93公里／小时,航向:260.2,06颗
2017年5月10日,9时32分46秒,E,11141.810,N,4047.560,1194米,25.93公里／小时,航向:259.4,06颗
2017年5月10日,9时32分47秒,E,11141.806,N,4047.558,1195米,24.08公里／小时,航向:252.7,06颗
2017年5月10日,9时32分48秒,E,11141.800,N,4047.558,1196米,25.93公里／小时,航向:257.7,06颗
2017年5月10日,9时32分49秒,E,11141.796,N,4047.555,1184米,25.93公里／小时,航向:259.9,07颗
2017年5月10日,9时32分50秒,E,11141.791,N,4047.551,1174米,25.93公里／小时,航向:258.7,07颗
2017年5月10日,9时32分51秒,E,11141.787,N,4047.549,1167米,22.22公里／小时,航向:254.0,07颗
2017年5月10日,9时32分52秒,E,11141.783,N,4047.547,1162米,20.37公里／小时,航向:254.8,08颗
2017年5月10日,9时32分53秒,E,11141.779,N,4047.548,1159米,18.52公里／小时,航向:259.7,08颗
2017年5月10日,9时32分54秒,E,11141.776,N,4047.547,1151米,16.67公里／小时,航向:273.7,08颗
2017年5月10日,9时32分55秒,E,11141.771,N,4047.547,1147米,16.67公里／小时,航向:298.6,08颗
2017年5月10日,9时32分56秒,E,11141.769,N,4047.549,1147米,20.37公里／小时,航向:327.2,08颗
2017年5月10日,9时32分57秒,E,11141.767,N,4047.552,1147米,24.08公里／小时,航向:338.5,08颗
2017年5月10日,9时32分58秒,E,11141.766,N,4047.556,1146米,29.63公里／小时,航向:341.1,08颗
2017年5月10日,9时32分59秒,E,11141.764,N,4047.560,1145米,33.34公里／小时,航向:340.4,08颗
2017年5月10日,9时33分0秒,E,11141.762,N,4047.565,1144米,37.04公里／小时,航向:339.9,08颗
2017年5月10日,9时33分1秒,E,11141.759,N,4047.571,1144米,40.74公里／小时,航向:339.6,08颗
2017年5月10日,9时33分2秒,E,11141.757,N,4047.577,1143米,40.74公里／小时,航向:339.2,08颗
2017年5月10日,9时33分3秒,E,11141.754,N,4047.583,1142米,42.60公里／小时,航向:338.7,08颗
2017年5月10日,9时33分4秒,E,11141.751,N,4047.589,1142米,40.74公里／小时,航向:339.4,08颗
2017年5月10日,9时33分5秒,E,11141.748,N,4047.595,1142米,40.74公里／小时,航向:339.1,08颗
2017年5月10日,9时33分6秒,E,11141.746,N,4047.601,1142米,38.89公里／小时,航向:339.9,08颗
2017年5月10日,9时33分7秒,E,11141.743,N,4047.607,1142米,38.89公里／小时,航向:340.3,08颗
2017年5月10日,9时33分8秒,E,11141.741,N,4047.613,1141米,37.04公里／小时,航向:341.2,08颗
2017年5月10日,9时33分9秒,E,11141.738,N,4047.618,1142米,33.34公里／小时,航向:342.0,08颗
2017年5月10日,9时33分10秒,E,11141.737,N,4047.623,1141米,29.63公里／小时,航向:342.1,08颗
2017年5月10日,9时33分11秒,E,11141.735,N,4047.627,1140米,25.93公里／小时,航向:342.6,09颗
2017年5月10日,9时33分12秒,E,11141.734,N,4047.631,1140米,24.08公里／小时,航向:342.9,09颗
2017年5月10日,9时33分13秒,E,11141.733,N,4047.634,1139米,20.37公里／小时,航向:343.2,09颗
2017年5月10日,9时33分14秒,E,11141.732,N,4047.637,1139米,16.67公里／小时,航向:343.4,09颗
2017年5月10日,9时33分15秒,E,11141.731,N,4047.639,1139米,14.82公里／小时,航向:343.5,10颗
2017年5月10日,9时33分16秒,E,11141.730,N,4047.641,1140米,12.96公里／小时,航向:343.4,08颗
2017年5月10日,9时33分17秒,E,11141.730,N,4047.643,1139米,12.96公里／小时,航向:343.3,08颗
2017年5月10日,9时33分18秒,E,11141.729,N,4047.645,1139米,11.11公里／小时,航向:343.0,08颗
2017年5月10日,9时33分19秒,E,11141.728,N,4047.646,1138米,9.26公里／小时,航向:343.0,08颗
2017年5月10日,9时33分20秒,E,11141.728,N,4047.647,1137米,5.56公里／小时,航向:338.0,08颗
2017年5月10日,9时33分21秒,E,11141.727,N,4047.648,1137米,3.70公里／小时,航向:338.0,08颗
2017年5月10日,9时33分22秒,E,11141.727,N,4047.648,1136米,1.85公里／小时,航向:338.0,08颗
2017年5月10日,9时33分23秒,E,11141.727,N,4047.648,1135米,0.00公里／小时,航向:338.0,09颗
2017年5月10日,9时33分24秒,E,11141.727,N,4047.648,1135米,0.00公里／小时,航向:338.0,09颗
2017年5月10日,9时33分25秒,E,11141.721,N,4047.617,1132米,1.85公里／小时,航向:338.0,10颗
2017年5月10日,9时33分26秒,E,11141.720,N,4047.617,1128米,1.85公里／小时,航向:338.0,09颗
2017年5月10日,9时33分27秒,E,11141.721,N,4047.617,1122米,1.85公里／小时,航向:338.0,09颗
2017年5月10日,9时33分28秒,E,11141.722,N,4047.618,1119米,1.85公里／小时,航向:338.0,09颗
2017年5月10日,9时33分29秒,E,11141.722,N,4047.618,1115米,1.85公里／小时,航向:338.0,09颗
2017年5月10日,9时33分30秒,E,11141.723,N,4047.618,1113米,0.00公里／小时,航向:338.0,09颗
2017年5月10日,9时33分31秒,E,11141.726,N,4047.617,1101米,0.00公里／小时,航向:338.0,10颗
2017年5月10日,9时33分32秒,E,11141.728,N,4047.616,1092米,0.00公里／小时,航向:338.0,10颗
2017年5月10日,9时33分33秒,E,11141.734,N,4047.617,1071米,0.00公里／小时,航向:338.0,10颗
2017年5月10日,9时33分34秒,E,11141.736,N,4047.617,1063米,0.00公里／小时,航向:338.0,10颗
2017年5月10日,9时33分35秒,E,11141.736,N,4047.617,1062米,0.00公里／小时,航向:338.0,10颗
2017年5月10日,9时33分36秒,E,11141.736,N,4047.618,1061米,0.00公里／小时,航向:338.0,10颗
2017年5月10日,9时33分37秒,E,11141.736,N,4047.618,1060米,0.00公里／小时,航向:338.0,10颗
2017年5月10日,9时33分38秒,E,11141.735,N,4047.619,1060米,0.00公里／小时,航向:338.0,10颗
2017年5月10日,9时33分39秒,E,11141.735,N,4047.620,1059米,0.00公里／小时,航向:338.0,10颗
2017年5月10日,9时33分40秒,E,11141.735,N,4047.620,1058米,0.00公里／小时,航向:338.0,09颗
2017年5月10日,9时33分41秒,E,11141.735,N,4047.621,1058米,0.00公里／小时,航向:338.0,09颗
2017年5月10日,9时33分42秒,E,11141.735,N,4047.621,1058米,0.00公里／小时,航向:338.0,09颗
2017年5月10日,9时33分43秒,E,11141.735,N,4047.621,1058米,0.00公里／小时,航向:338.0,09颗
2017年5月10日,9时33分44秒,E,11141.735,N,4047.621,1058米,0.00公里／小时,航向:338.0,09颗
2017年5月10日,9时33分45秒,E,11141.735,N,4047.621,1058米,0.00公里／小时,航向:338.0,09颗
2017年5月10日,9时33分46秒,E,11141.735,N,4047.621,1058米,0.00公里／小时,航向:338.0,09颗
2017年5月10日,9时33分47秒,E,11141.735,N,4047.621,1058米,0.00公里／小时,航向:338.0,09颗
2017年5月10日,9时33分48秒,E,11141.735,N,4047.621,1058米,0.00公里／小时,航向:338.0,09颗
2017年5月10日,9时33分49秒,E,11141.735,N,4047.621,1058米,0.00公里／小时,航向:338.0,09颗
2017年5月10日,9时33分50秒,E,11141.735,N,4047.621,1058米,0.00公里／小时,航向:338.0,09颗
2017年5月10日,9时33分51秒,E,11141.735,N,4047.621,1058米,0.00公里／小时,航向:338.0,09颗
2017年5月10日,9时33分52秒,E,11141.735,N,4047.621,1058米,0.00公里／小时,航向:338.0,09颗
2017年5月10日,9时33分53秒,E,11141.735,N,4047.621,1058米,0.00公里／小时,航向:338.0,09颗
2017年5月10日,9时33分54秒,E,11141.735,N,4047.621,1058米,0.00公里／小时,航向:338.0,09颗
2017年5月10日,9时33分55秒,E,11141.735,N,4047.621,1058米,0.00公里／小时,航向:338.0,09颗
2017年5月10日,9时33分56秒,E,11141.735,N,4047.621,1058米,0.00公里／小时,航向:338.0,09颗
2017年5月10日,9时33分57秒,E,11141.735,N,4047.621,1058米,0.00公里／小时,航向:338.0,10颗
2017年5月10日,9时33分58秒,E,11141.735,N,4047.621,1058米,0.00公里／小时,航向:338.0,10颗
2017年5月10日,9时33分59秒,E,11141.735,N,4047.621,1058米,0.00公里／小时,航向:338.0,10颗
2017年5月10日,9时34分0秒,E,11141.735,N,4047.621,1058米,0.00公里／小时,航向:338.0,10颗
2017年5月10日,9时34分1秒,E,11141.735,N,4047.621,1058米,0.00公里／小时,航向:338.0,09颗
2017年5月10日,9时34分2秒,E,11141.735,N,4047.621,1058米,0.00公里／小时,航向:338.0,09颗
2017年5月10日,9时34分3秒,E,11141.735,N,4047.621,1058米,0.00公里／小时,航向:338.0,09颗
2017年5月10日,9时34分4秒,E,11141.735,N,4047.621,1058米,0.00公里／小时,航向:338.0,09颗
2017年5月10日,9时34分5秒,E,11141.735,N,4047.621,1058米,0.00公里／小时,航向:338.0,09颗
2017年5月10日,9时34分6秒,E,11141.735,N,4047.621,1058米,0.00公里／小时,航向:338.0,09颗
2017年5月10日,9时34分7秒,E,11141.735,N,4047.621,1058米,0.00公里／小时,航向:338.0,09颗
2017年5月10日,9时34分8秒,E,11141.735,N,4047.621,1058米,0.00公里／小时,航向:338.0,09颗
2017年5月10日,9时34分9秒,E,11141.734,N,4047.622,1058米,0.00公里／小时,航向:338.0,09颗
2017年5月10日,9时34分10秒,E,11141.734,N,4047.622,1058米,0.00公里／小时,航向:338.0,09颗
2017年5月10日,9时34分11秒,E,11141.734,N,4047.623,1058米,1.85公里／小时,航向:338.0,10颗
2017年5月10日,9时34分12秒,E,11141.734,N,4047.623,1058米,1.85公里／小时,航向:338.0,10颗
2017年5月10日,9时34分13秒,E,11141.734,N,4047.623,1058米,1.85公里／小时,航向:338.0,10颗
2017年5月10日,9时34分14秒,E,11141.734,N,4047.624,1058米,3.70公里／小时,航向:338.0,10颗
2017年5月10日,9时34分15秒,E,11141.733,N,4047.624,1058米,5.56公里／小时,航向:339.1,10颗
2017年5月10日,9时34分16秒,E,11141.733,N,4047.626,1058米,1.85公里／小时,航向:340.7,10颗
2017年5月10日,9时34分17秒,E,11141.733,N,4047.626,1058米,0.00公里／小时,航向:340.7,10颗
2017年5月10日,9时34分18秒,E,11141.733,N,4047.627,1058米,0.00公里／小时,航向:340.7,10颗
2017年5月10日,9时34分19秒,E,11141.733,N,4047.627,1058米,0.00公里／小时,航向:340.7,10颗
2017年5月10日,9时34分20秒,E,11141.733,N,4047.627,1058米,0.00公里／小时,航向:340.7,09颗
2017年5月10日,9时34分21秒,E,11141.733,N,4047.627,1058米,0.00公里／小时,航向:340.7,09颗
2017年5月10日,9时34分22秒,E,11141.733,N,4047.627,1058米,0.00公里／小时,航向:340.7,09颗
2017年5月10日,9时34分23秒,E,11141.733,N,4047.627,1058米,0.00公里／小时,航向:340.7,08颗
2017年5月10日,9时34分24秒,E,11141.733,N,4047.627,1058米,0.00公里／小时,航向:340.7,10颗
2017年5月10日,9时34分25秒,E,11141.733,N,4047.627,1058米,0.00公里／小时,航向:340.7,09颗
2017年5月10日,9时34分26秒,E,11141.733,N,4047.627,1058米,0.00公里／小时,航向:340.7,09颗
2017年5月10日,9时34分27秒,E,11141.733,N,4047.627,1058米,0.00公里／小时,航向:340.7,09颗
2017年5月10日,9时34分28秒,E,11141.733,N,4047.627,1058米,0.00公里／小时,航向:340.7,10颗
2017年5月10日,9时34分29秒,E,11141.733,N,4047.627,1058米,0.00公里／小时,航向:340.7,10颗
2017年5月10日,9时34分30秒,E,11141.733,N,4047.627,1058米,0.00公里／小时,航向:340.7,10颗
2017年5月10日,9时34分31秒,E,11141.733,N,4047.627,1058米,0.00公里／小时,航向:340.7,10颗
2017年5月10日,9时34分32秒,E,11141.733,N,4047.627,1058米,0.00公里／小时,航向:340.7,10颗
2017年5月10日,9时34分33秒,E,11141.733,N,4047.627,1058米,0.00公里／小时,航向:340.7,10颗
2017年5月10日,9时34分34秒,E,11141.733,N,4047.627,1058米,0.00公里／小时,航向:340.7,10颗
2017年5月10日,9时34分35秒,E,11141.733,N,4047.627,1058米,0.00公里／小时,航向:340.7,10颗
2017年5月10日,9时34分36秒,E,11141.733,N,4047.627,1058米,0.00公里／小时,航向:340.7,10颗
2017年5月10日,9时34分37秒,E,11141.733,N,4047.627,1058米,0.00公里／小时,航向:340.7,10颗
2017年5月10日,9时34分38秒,E,11141.733,N,4047.627,1058米,0.00公里／小时,航向:340.7,10颗
2017年5月10日,9时34分39秒,E,11141.733,N,4047.627,1058米,0.00公里／小时,航向:340.7,10颗
2017年5月10日,9时34分40秒,E,11141.733,N,4047.627,1058米,0.00公里／小时,航向:337.5,10颗
2017年5月10日,9时34分41秒,E,11141.733,N,4047.627,1057米,0.00公里／小时,航向:349.7,10颗
2017年5月10日,9时34分42秒,E,11141.733,N,4047.627,1057米,0.00公里／小时,航向:348.5,10颗
2017年5月10日,9时34分43秒,E,11141.733,N,4047.627,1057米,0.00公里／小时,航向:347.2,10颗
2017年5月10日,9时34分44秒,E,11141.732,N,4047.628,1058米,1.85公里／小时,航向:348.9,10颗
2017年5月10日,9时34分45秒,E,11141.732,N,4047.628,1057米,1.85公里／小时,航向:340.0,10颗
2017年5月10日,9时34分46秒,E,11141.732,N,4047.628,1057米,1.85公里／小时,航向:341.0,10颗
2017年5月10日,9时34分47秒,E,11141.731,N,4047.629,1057米,3.70公里／小时,航向:341.4,09颗
2017年5月10日,9时34分48秒,E,11141.731,N,4047.630,1057米,7.41公里／小时,航向:339.1,09颗
2017年5月10日,9时34分49秒,E,11141.729,N,4047.631,1057米,9.26公里／小时,航向:337.8,09颗
2017年5月10日,9时34分50秒,E,11141.729,N,4047.633,1057米,12.96公里／小时,航向:337.0,09颗
2017年5月10日,9时34分51秒,E,11141.727,N,4047.635,1058米,12.96公里／小时,航向:336.4,09颗
2017年5月10日,9时34分52秒,E,11141.726,N,4047.637,1058米,14.82公里／小时,航向:335.9,09颗
2017年5月10日,9时34分53秒,E,11141.724,N,4047.640,1058米,16.67公里／小时,航向:335.1,09颗
2017年5月10日,9时34分54秒,E,11141.722,N,4047.642,1058米,16.67公里／小时,航向:334.8,09颗
2017年5月10日,9时34分55秒,E,11141.721,N,4047.645,1058米,14.82公里／小时,航向:335.7,09颗
2017年5月10日,9时34分56秒,E,11141.720,N,4047.647,1058米,16.67公里／小时,航向:337.2,09颗
2017年5月10日,9时34分57秒,E,11141.719,N,4047.649,1058米,14.82公里／小时,航向:338.4,09颗
2017年5月10日,9时34分58秒,E,11141.718,N,4047.651,1058米,14.82公里／小时,航向:340.7,09颗
2017年5月10日,9时34分59秒,E,11141.717,N,4047.654,1058米,18.52公里／小时,航向:343.2,10颗
2017年5月10日,9时35分0秒,E,11141.716,N,4047.657,1058米,20.37公里／小时,航向:345.1,10颗
2017年5月10日,9时35分1秒,E,11141.715,N,4047.660,1057米,22.22公里／小时,航向:345.6,10颗
2017年5月10日,9时35分2秒,E,11141.714,N,4047.664,1057米,22.22公里／小时,航向:346.5,10颗
2017年5月10日,9时35分3秒,E,11141.713,N,4047.667,1057米,22.22公里／小时,航向:345.5,10颗
2017年5月10日,9时35分4秒,E,11141.711,N,4047.670,1058米,22.22公里／小时,航向:343.8,09颗
2017年5月10日,9时35分5秒,E,11141.709,N,4047.674,1057米,22.22公里／小时,航向:342.7,10颗
2017年5月10日,9时35分6秒,E,11141.708,N,4047.677,1057米,22.22公里／小时,航向:342.1,09颗
2017年5月10日,9时35分7秒,E,11141.707,N,4047.680,1057米,20.37公里／小时,航向:341.1,09颗
2017年5月10日,9时35分8秒,E,11141.705,N,4047.683,1057米,20.37公里／小时,航向:340.8,09颗
2017年5月10日,9时35分9秒,E,11141.704,N,4047.686,1057米,16.67公里／小时,航向:341.0,09颗
2017年5月10日,9时35分10秒,E,11141.704,N,4047.688,1058米,14.82公里／小时,航向:340.9,09颗
2017年5月10日,9时35分11秒,E,11141.703,N,4047.690,1058米,16.67公里／小时,航向:341.5,09颗
2017年5月10日,9时35分12秒,E,11141.702,N,4047.693,1057米,16.67公里／小时,航向:342.1,09颗
2017年5月10日,9时35分13秒,E,11141.701,N,4047.695,1057米,14.82公里／小时,航向:343.1,09颗
2017年5月10日,9时35分14秒,E,11141.701,N,4047.697,1057米,11.11公里／小时,航向:342.0,09颗
2017年5月10日,9时35分15秒,E,11141.700,N,4047.699,1057米,9.26公里／小时,航向:341.7,09颗
2017年5月10日,9时35分16秒,E,11141.700,N,4047.700,1056米,7.41公里／小时,航向:343.9,09颗
2017年5月10日,9时35分17秒,E,11141.699,N,4047.701,1056米,3.70公里／小时,航向:343.9,09颗
2017年5月10日,9时35分18秒,E,11141.700,N,4047.702,1056米,3.70公里／小时,航向:343.9,09颗
2017年5月10日,9时35分19秒,E,11141.700,N,4047.702,1057米,3.70公里／小时,航向:343.9,09颗
2017年5月10日,9时35分20秒,E,11141.701,N,4047.703,1057米,5.56公里／小时,航向:333.9,09颗
2017年5月10日,9时35分21秒,E,11141.700,N,4047.704,1057米,9.26公里／小时,航向:334.5,08颗
2017年5月10日,9时35分22秒,E,11141.700,N,4047.706,1057米,16.67公里／小时,航向:335.5,08颗
2017年5月10日,9时35分23秒,E,11141.699,N,4047.710,1057米,24.08公里／小时,航向:336.1,08颗
2017年5月10日,9时35分24秒,E,11141.698,N,4047.713,1057米,24.08公里／小时,航向:336.7,08颗
2017年5月10日,9时35分25秒,E,11141.697,N,4047.716,1057米,16.67公里／小时,航向:339.7,08颗
2017年5月10日,9时35分26秒,E,11141.696,N,4047.718,1057米,7.41公里／小时,航向:347.2,08颗
2017年5月10日,9时35分27秒,E,11141.696,N,4047.719,1057米,0.00公里／小时,航向:347.2,08颗
2017年5月10日,9时35分28秒,E,11141.696,N,4047.719,1057米,0.00公里／小时,航向:347.2,08颗
2017年5月10日,9时35分29秒,E,11141.695,N,4047.719,1057米,0.00公里／小时,航向:347.2,08颗
2017年5月10日,9时35分30秒,E,11141.695,N,4047.719,1057米,0.00公里／小时,航向:347.2,07颗
2017年5月10日,9时35分31秒,E,11141.695,N,4047.719,1057米,0.00公里／小时,航向:347.2,08颗
2017年5月10日,9时35分32秒,E,11141.695,N,4047.719,1057米,0.00公里／小时,航向:347.2,08颗
2017年5月10日,9时35分33秒,E,11141.695,N,4047.719,1057米,0.00公里／小时,航向:347.2,08颗
2017年5月10日,9时35分34秒,E,11141.695,N,4047.719,1057米,0.00公里／小时,航向:347.2,08颗
2017年5月10日,9时35分35秒,E,11141.695,N,4047.719,1057米,0.00公里／小时,航向:347.2,07颗
2017年5月10日,9时35分36秒,E,11141.695,N,4047.719,1057米,0.00公里／小时,航向:347.2,07颗
2017年5月10日,9时35分37秒,E,11141.695,N,4047.719,1057米,0.00公里／小时,航向:347.2,07颗
2017年5月10日,9时35分38秒,E,11141.695,N,4047.719,1057米,0.00公里／小时,航向:347.2,07颗
2017年5月10日,9时35分39秒,E,11141.695,N,4047.719,1057米,0.00公里／小时,航向:347.2,07颗
2017年5月10日,9时35分40秒,E,11141.695,N,4047.719,1057米,0.00公里／小时,航向:347.2,07颗
2017年5月10日,9时35分41秒,E,11141.695,N,4047.719,1057米,0.00公里／小时,航向:347.2,07颗
2017年5月10日,9时35分42秒,E,11141.695,N,4047.719,1057米,0.00公里／小时,航向:347.2,07颗
2017年5月10日,9时35分43秒,E,11141.695,N,4047.719,1057米,0.00公里／小时,航向:347.2,07颗
2017年5月10日,9时35分44秒,E,11141.695,N,4047.719,1057米,0.00公里／小时,航向:347.2,07颗
2017年5月10日,9时35分45秒,E,11141.695,N,4047.719,1057米,0.00公里／小时,航向:347.2,07颗
2017年5月10日,9时35分46秒,E,11141.695,N,4047.719,1057米,0.00公里／小时,航向:347.2,07颗
2017年5月10日,9时35分47秒,E,11141.695,N,4047.719,1057米,0.00公里／小时,航向:347.2,07颗
2017年5月10日,9时35分48秒,E,11141.695,N,4047.719,1057米,0.00公里／小时,航向:347.2,07颗
2017年5月10日,9时35分49秒,E,11141.695,N,4047.719,1057米,0.00公里／小时,航向:347.2,07颗
2017年5月10日,9时35分50秒,E,11141.695,N,4047.719,1057米,0.00公里／小时,航向:347.2,07颗
2017年5月10日,9时35分51秒,E,11141.695,N,4047.719,1057米,0.00公里／小时,航向:347.2,07颗
2017年5月10日,9时35分52秒,E,11141.695,N,4047.719,1057米,0.00公里／小时,航向:347.2,07颗
2017年5月10日,9时35分53秒,E,11141.695,N,4047.719,1057米,0.00公里／小时,航向:347.2,07颗
2017年5月10日,9时35分54秒,E,11141.695,N,4047.719,1057米,0.00公里／小时,航向:347.2,08颗
2017年5月10日,9时35分55秒,E,11141.695,N,4047.719,1057米,0.00公里／小时,航向:347.2,08颗
2017年5月10日,9时35分56秒,E,11141.695,N,4047.719,1057米,0.00公里／小时,航向:347.2,08颗
2017年5月10日,9时35分57秒,E,11141.695,N,4047.719,1057米,0.00公里／小时,航向:347.2,08颗
2017年5月10日,9时35分58秒,E,11141.695,N,4047.719,1057米,0.00公里／小时,航向:347.2,08颗
2017年5月10日,9时35分59秒,E,11141.695,N,4047.719,1057米,0.00公里／小时,航向:347.2,08颗
2017年5月10日,9时36分0秒,E,11141.695,N,4047.719,1057米,0.00公里／小时,航向:347.2,09颗
2017年5月10日,9时36分1秒,E,11141.695,N,4047.719,1057米,0.00公里／小时,航向:347.2,09颗
2017年5月10日,9时36分2秒,E,11141.695,N,4047.719,1057米,0.00公里／小时,航向:347.2,09颗
2017年5月10日,9时36分3秒,E,11141.695,N,4047.719,1057米,0.00公里／小时,航向:347.2,08颗
2017年5月10日,9时36分4秒,E,11141.695,N,4047.719,1057米,0.00公里／小时,航向:347.2,08颗
2017年5月10日,9时36分5秒,E,11141.695,N,4047.719,1057米,0.00公里／小时,航向:347.2,08颗
2017年5月10日,9时36分6秒,E,11141.695,N,4047.719,1057米,0.00公里／小时,航向:347.2,08颗
2017年5月10日,9时36分7秒,E,11141.695,N,4047.719,1057米,0.00公里／小时,航向:347.2,08颗
2017年5月10日,9时36分8秒,E,11141.695,N,4047.719,1057米,0.00公里／小时,航向:347.2,08颗
2017年5月10日,9时36分9秒,E,11141.695,N,4047.719,1057米,0.00公里／小时,航向:347.2,08颗
2017年5月10日,9时36分10秒,E,11141.695,N,4047.719,1057米,0.00公里／小时,航向:347.2,08颗
2017年5月10日,9时36分11秒,E,11141.695,N,4047.719,1057米,0.00公里／小时,航向:347.2,08颗
2017年5月10日,9时36分12秒,E,11141.695,N,4047.719,1057米,0.00公里／小时,航向:347.2,08颗
2017年5月10日,9时36分13秒,E,11141.695,N,4047.719,1057米,0.00公里／小时,航向:347.2,08颗
2017年5月10日,9时36分14秒,E,11141.695,N,4047.719,1057米,0.00公里／小时,航向:347.2,08颗
2017年5月10日,9时36分15秒,E,11141.695,N,4047.719,1057米,0.00公里／小时,航向:347.2,08颗
2017年5月10日,9时36分16秒,E,11141.695,N,4047.719,1057米,0.00公里／小时,航向:347.2,08颗
2017年5月10日,9时36分17秒,E,11141.695,N,4047.719,1057米,0.00公里／小时,航向:347.2,08颗
2017年5月10日,9时36分18秒,E,11141.695,N,4047.719,1057米,0.00公里／小时,航向:347.2,08颗
2017年5月10日,9时36分19秒,E,11141.695,N,4047.719,1057米,0.00公里／小时,航向:347.2,08颗
2017年5月10日,9时36分20秒,E,11141.695,N,4047.719,1057米,0.00公里／小时,航向:347.2,08颗
2017年5月10日,9时36分21秒,E,11141.695,N,4047.719,1057米,0.00公里／小时,航向:347.2,08颗
2017年5月10日,9时36分22秒,E,11141.695,N,4047.719,1057米,0.00公里／小时,航向:347.2,08颗
2017年5月10日,9时36分23秒,E,11141.695,N,4047.719,1057米,0.00公里／小时,航向:347.2,08颗
2017年5月10日,9时36分24秒,E,11141.695,N,4047.719,1057米,0.00公里／小时,航向:347.2,09颗
2017年5月10日,9时36分25秒,E,11141.695,N,4047.719,1057米,0.00公里／小时,航向:347.2,08颗
2017年5月10日,9时36分26秒,E,11141.695,N,4047.719,1057米,0.00公里／小时,航向:347.2,09颗
2017年5月10日,9时36分27秒,E,11141.695,N,4047.719,1057米,0.00公里／小时,航向:347.2,09颗
2017年5月10日,9时36分28秒,E,11141.695,N,4047.719,1057米,0.00公里／小时,航向:347.2,09颗
2017年5月10日,9时36分29秒,E,11141.695,N,4047.719,1057米,0.00公里／小时,航向:347.2,09颗
2017年5月10日,9时36分30秒,E,11141.695,N,4047.719,1057米,0.00公里／小时,航向:347.2,10颗
2017年5月10日,9时36分31秒,E,11141.695,N,4047.719,1057米,0.00公里／小时,航向:347.2,09颗
2017年5月10日,9时36分32秒,E,11141.695,N,4047.719,1057米,0.00公里／小时,航向:347.2,09颗
2017年5月10日,9时36分33秒,E,11141.695,N,4047.719,1057米,0.00公里／小时,航向:347.2,09颗
2017年5月10日,9时36分34秒,E,11141.695,N,4047.719,1057米,0.00公里／小时,航向:347.2,09颗
2017年5月10日,9时36分35秒,E,11141.695,N,4047.719,1057米,0.00公里／小时,航向:347.2,09颗
2017年5月10日,9时36分36秒,E,11141.695,N,4047.719,1057米,0.00公里／小时,航向:347.2,09颗
2017年5月10日,9时36分37秒,E,11141.695,N,4047.719,1057米,0.00公里／小时,航向:347.2,09颗
2017年5月10日,9时36分38秒,E,11141.695,N,4047.719,1057米,0.00公里／小时,航向:347.2,09颗
2017年5月10日,9时36分39秒,E,11141.695,N,4047.719,1057米,0.00公里／小时,航向:347.2,09颗
2017年5月10日,9时36分40秒,E,11141.695,N,4047.719,1057米,0.00公里／小时,航向:347.2,09颗
2017年5月10日,9时36分41秒,E,11141.695,N,4047.719,1057米,0.00公里／小时,航向:347.2,09颗
2017年5月10日,9时36分42秒,E,11141.695,N,4047.719,1057米,0.00公里／小时,航向:347.2,09颗
2017年5月10日,9时36分43秒,E,11141.695,N,4047.719,1057米,0.00公里／小时,航向:347.2,09颗
2017年5月10日,9时36分44秒,E,11141.695,N,4047.719,1057米,0.00公里／小时,航向:347.2,09颗
2017年5月10日,9时36分45秒,E,11141.695,N,4047.719,1057米,0.00公里／小时,航向:347.2,09颗
2017年5月10日,9时36分46秒,E,11141.695,N,4047.719,1057米,0.00公里／小时,航向:347.2,09颗
2017年5月10日,9时36分47秒,E,11141.695,N,4047.719,1057米,0.00公里／小时,航向:347.2,10颗
2017年5月10日,9时36分48秒,E,11141.695,N,4047.719,1057米,0.00公里／小时,航向:347.2,10颗
2017年5月10日,9时36分49秒,E,11141.695,N,4047.719,1057米,0.00公里／小时,航向:347.2,10颗
2017年5月10日,9时36分50秒,E,11141.695,N,4047.719,1057米,0.00公里／小时,航向:347.2,10颗
2017年5月10日,9时36分51秒,E,11141.695,N,4047.719,1057米,0.00公里／小时,航向:347.2,10颗
2017年5月10日,9时36分52秒,E,11141.695,N,4047.719,1057米,0.00公里／小时,航向:347.2,10颗
2017年5月10日,9时36分53秒,E,11141.695,N,4047.719,1057米,0.00公里／小时,航向:347.2,10颗
2017年5月10日,9时36分54秒,E,11141.695,N,4047.719,1057米,0.00公里／小时,航向:347.2,10颗
2017年5月10日,9时36分55秒,E,11141.695,N,4047.719,1057米,0.00公里／小时,航向:347.2,10颗
2017年5月10日,9时36分56秒,E,11141.695,N,4047.719,1057米,0.00公里／小时,航向:347.2,10颗
2017年5月10日,9时36分57秒,E,11141.695,N,4047.719,1057米,0.00公里／小时,航向:347.2,10颗
2017年5月10日,9时36分58秒,E,11141.695,N,4047.719,1057米,0.00公里／小时,航向:347.2,10颗
2017年5月10日,9时36分59秒,E,11141.695,N,4047.719,1057米,0.00公里／小时,航向:347.2,10颗
2017年5月10日,9时37分0秒,E,11141.695,N,4047.719,1057米,0.00公里／小时,航向:347.2,10颗
2017年5月10日,9时37分1秒,E,11141.695,N,4047.719,1057米,0.00公里／小时,航向:347.2,10颗
2017年5月10日,9时37分2秒,E,11141.695,N,4047.719,1057米,0.00公里／小时,航向:347.2,10颗
2017年5月10日,9时37分3秒,E,11141.695,N,4047.719,1057米,0.00公里／小时,航向:347.2,10颗
2017年5月10日,9时37分4秒,E,11141.695,N,4047.719,1057米,0.00公里／小时,航向:347.2,10颗
2017年5月10日,9时37分5秒,E,11141.691,N,4047.722,1053米,5.56公里／小时,航向:343.1,09颗
2017年5月10日,9时37分6秒,E,11141.690,N,4047.724,1053米,12.96公里／小时,航向:342.6,10颗
2017年5月10日,9时37分7秒,E,11141.688,N,4047.726,1054米,20.37公里／小时,航向:339.3,10颗
2017年5月10日,9时37分8秒,E,11141.687,N,4047.730,1054米,24.08公里／小时,航向:340.1,10颗
2017年5月10日,9时37分9秒,E,11141.685,N,4047.733,1054米,25.93公里／小时,航向:339.4,10颗
2017年5月10日,9时37分10秒,E,11141.682,N,4047.737,1054米,27.78公里／小时,航向:338.5,10颗
2017年5月10日,9时37分11秒,E,11141.680,N,4047.742,1054米,29.63公里／小时,航向:337.7,10颗
2017年5月10日,9时37分12秒,E,11141.678,N,4047.746,1054米,29.63公里／小时,航向:338.3,10颗
2017年5月10日,9时37分13秒,E,11141.676,N,4047.750,1055米,31.48公里／小时,航向:338.1,10颗
2017年5月10日,9时37分14秒,E,11141.673,N,4047.755,1055米,33.34公里／小时,航向:338.6,10颗
2017年5月10日,9时37分15秒,E,11141.670,N,4047.760,1056米,35.19公里／小时,航向:338.8,09颗
2017年5月10日,9时37分16秒,E,11141.668,N,4047.765,1056米,37.04公里／小时,航向:338.1,10颗
2017年5月10日,9时37分17秒,E,11141.665,N,4047.770,1056米,37.04公里／小时,航向:338.9,09颗
2017年5月10日,9时37分18秒,E,11141.663,N,4047.776,1056米,37.04公里／小时,航向:340.1,09颗
2017年5月10日,9时37分19秒,E,11141.660,N,4047.781,1057米,37.04公里／小时,航向:341.3,09颗
2017年5月10日,9时37分20秒,E,11141.658,N,4047.787,1057米,38.89公里／小时,航向:342.9,10颗
2017年5月10日,9时37分21秒,E,11141.656,N,4047.793,1057米,40.74公里／小时,航向:344.0,10颗
2017年5月10日,9时37分22秒,E,11141.653,N,4047.800,1058米,42.60公里／小时,航向:343.0,10颗
2017年5月10日,9时37分23秒,E,11141.650,N,4047.806,1059米,42.60公里／小时,航向:343.2,10颗
2017年5月10日,9时37分24秒,E,11141.648,N,4047.813,1059米,42.60公里／小时,航向:343.9,09颗
2017年5月10日,9时37分25秒,E,11141.646,N,4047.818,1060米,37.04公里／小时,航向:345.0,10颗
2017年5月10日,9时37分26秒,E,11141.645,N,4047.823,1060米,27.78公里／小时,航向:346.2,09颗
2017年5月10日,9时37分27秒,E,11141.644,N,4047.827,1060米,22.22公里／小时,航向:346.7,10颗
2017年5月10日,9时37分28秒,E,11141.642,N,4047.830,1060米,18.52公里／小时,航向:345.8,10颗
2017年5月10日,9时37分29秒,E,11141.641,N,4047.832,1060米,14.82公里／小时,航向:344.2,10颗
2017年5月10日,9时37分30秒,E,11141.640,N,4047.834,1060米,11.11公里／小时,航向:342.0,10颗
2017年5月10日,9时37分31秒,E,11141.639,N,4047.836,1061米,11.11公里／小时,航向:339.9,09颗
2017年5月10日,9时37分32秒,E,11141.638,N,4047.838,1061米,14.82公里／小时,航向:337.9,10颗
2017年5月10日,9时37分33秒,E,11141.637,N,4047.840,1061米,20.37公里／小时,航向:337.2,09颗
2017年5月10日,9时37分34秒,E,11141.635,N,4047.844,1061米,25.93公里／小时,航向:337.4,10颗
2017年5月10日,9时37分35秒,E,11141.633,N,4047.848,1061米,27.78公里／小时,航向:338.2,09颗
2017年5月10日,9时37分36秒,E,11141.630,N,4047.853,1061米,31.48公里／小时,航向:339.2,09颗
2017年5月10日,9时37分37秒,E,11141.628,N,4047.857,1061米,33.34公里／小时,航向:339.8,09颗
2017年5月10日,9时37分38秒,E,11141.626,N,4047.862,1061米,33.34公里／小时,航向:340.5,09颗
2017年5月10日,9时37分39秒,E,11141.623,N,4047.867,1061米,35.19公里／小时,航向:341.4,09颗
2017年5月10日,9时37分40秒,E,11141.621,N,4047.873,1062米,33.34公里／小时,航向:342.5,09颗
2017年5月10日,9时37分41秒,E,11141.619,N,4047.878,1062米,33.34公里／小时,航向:343.4,09颗
2017年5月10日,9时37分42秒,E,11141.617,N,4047.883,1062米,35.19公里／小时,航向:343.7,10颗
2017年5月10日,9时37分43秒,E,11141.615,N,4047.889,1062米,35.19公里／小时,航向:343.1,10颗
2017年5月10日,9时37分44秒,E,11141.612,N,4047.894,1062米,35.19公里／小时,航向:341.8,10颗
2017年5月10日,9时37分45秒,E,11141.610,N,4047.899,1062米,35.19公里／小时,航向:340.4,09颗
2017年5月10日,9时37分46秒,E,11141.607,N,4047.904,1062米,33.34公里／小时,航向:339.8,10颗
2017年5月10日,9时37分47秒,E,11141.605,N,4047.909,1062米,35.19公里／小时,航向:339.3,10颗
2017年5月10日,9时37分48秒,E,11141.603,N,4047.914,1062米,31.48公里／小时,航向:339.9,10颗
2017年5月10日,9时37分49秒,E,11141.601,N,4047.919,1062米,29.63公里／小时,航向:340.6,10颗
2017年5月10日,9时37分50秒,E,11141.599,N,4047.923,1063米,27.78公里／小时,航向:340.9,10颗
2017年5月10日,9时37分51秒,E,11141.597,N,4047.927,1063米,25.93公里／小时,航向:340.9,10颗
2017年5月10日,9时37分52秒,E,11141.594,N,4047.930,1064米,24.08公里／小时,航向:340.4,09颗
2017年5月10日,9时37分53秒,E,11141.593,N,4047.934,1064米,22.22公里／小时,航向:339.6,09颗
2017年5月10日,9时37分54秒,E,11141.591,N,4047.937,1064米,20.37公里／小时,航向:339.0,09颗
2017年5月10日,9时37分55秒,E,11141.590,N,4047.939,1064米,16.67公里／小时,航向:338.7,09颗
2017年5月10日,9时37分56秒,E,11141.589,N,4047.942,1063米,16.67公里／小时,航向:338.4,09颗
2017年5月10日,9时37分57秒,E,11141.587,N,4047.945,1063米,18.52公里／小时,航向:344.7,09颗
2017年5月10日,9时37分58秒,E,11141.587,N,4047.947,1063米,18.52公里／小时,航向:344.9,10颗
2017年5月10日,9时37分59秒,E,11141.586,N,4047.950,1063米,14.82公里／小时,航向:347.4,10颗
2017年5月10日,9时38分0秒,E,11141.586,N,4047.952,1062米,12.96公里／小时,航向:354.1,10颗
2017年5月10日,9时38分1秒,E,11141.585,N,4047.955,1062米,14.82公里／小时,航向:353.3,10颗
2017年5月10日,9时38分2秒,E,11141.584,N,4047.957,1062米,16.67公里／小时,航向:352.4,10颗
2017年5月10日,9时38分3秒,E,11141.583,N,4047.959,1062米,14.82公里／小时,航向:351.4,10颗
2017年5月10日,9时38分4秒,E,11141.582,N,4047.961,1062米,11.11公里／小时,航向:350.5,10颗
2017年5月10日,9时38分5秒,E,11141.582,N,4047.963,1062米,7.41公里／小时,航向:349.3,10颗
2017年5月10日,9时38分6秒,E,11141.581,N,4047.964,1062米,5.56公里／小时,航向:345.4,10颗
2017年5月10日,9时38分7秒,E,11141.582,N,4047.964,1063米,3.70公里／小时,航向:345.4,10颗
2017年5月10日,9时38分8秒,E,11141.581,N,4047.965,1063米,0.00公里／小时,航向:345.4,10颗
2017年5月10日,9时38分9秒,E,11141.581,N,4047.965,1063米,0.00公里／小时,航向:345.4,10颗
2017年5月10日,9时38分10秒,E,11141.580,N,4047.966,1064米,0.00公里／小时,航向:345.4,10颗
2017年5月10日,9时38分11秒,E,11141.580,N,4047.966,1064米,0.00公里／小时,航向:345.4,10颗
2017年5月10日,9时38分12秒,E,11141.580,N,4047.966,1064米,0.00公里／小时,航向:345.4,09颗
2017年5月10日,9时38分13秒,E,11141.580,N,4047.966,1064米,0.00公里／小时,航向:345.4,09颗
2017年5月10日,9时38分14秒,E,11141.580,N,4047.966,1064米,0.00公里／小时,航向:345.4,09颗
2017年5月10日,9时38分15秒,E,11141.580,N,4047.966,1064米,0.00公里／小时,航向:345.4,09颗
2017年5月10日,9时38分16秒,E,11141.580,N,4047.966,1064米,0.00公里／小时,航向:345.4,09颗
2017年5月10日,9时38分17秒,E,11141.580,N,4047.966,1064米,0.00公里／小时,航向:345.4,09颗
2017年5月10日,9时38分18秒,E,11141.580,N,4047.966,1064米,0.00公里／小时,航向:345.4,09颗
2017年5月10日,9时38分19秒,E,11141.580,N,4047.967,1064米,1.85公里／小时,航向:345.4,09颗
2017年5月10日,9时38分20秒,E,11141.579,N,4047.967,1064米,3.70公里／小时,航向:345.4,09颗
2017年5月10日,9时38分21秒,E,11141.579,N,4047.969,1064米,3.70公里／小时,航向:337.4,10颗
2017年5月10日,9时38分22秒,E,11141.579,N,4047.970,1064米,3.70公里／小时,航向:340.6,10颗
2017年5月10日,9时38分23秒,E,11141.578,N,4047.970,1064米,0.00公里／小时,航向:341.4,10颗
2017年5月10日,9时38分24秒,E,11141.578,N,4047.970,1064米,0.00公里／小时,航向:341.4,10颗
2017年5月10日,9时38分25秒,E,11141.578,N,4047.971,1064米,0.00公里／小时,航向:341.4,10颗
2017年5月10日,9时38分26秒,E,11141.578,N,4047.971,1064米,0.00公里／小时,航向:341.4,10颗
2017年5月10日,9时38分27秒,E,11141.578,N,4047.971,1064米,0.00公里／小时,航向:341.4,10颗
2017年5月10日,9时38分28秒,E,11141.578,N,4047.971,1064米,0.00公里／小时,航向:341.4,10颗
2017年5月10日,9时38分29秒,E,11141.578,N,4047.971,1064米,0.00公里／小时,航向:341.4,10颗
2017年5月10日,9时38分30秒,E,11141.578,N,4047.971,1064米,0.00公里／小时,航向:341.4,10颗
2017年5月10日,9时38分31秒,E,11141.578,N,4047.971,1064米,0.00公里／小时,航向:341.4,10颗
2017年5月10日,9时38分32秒,E,11141.578,N,4047.971,1064米,0.00公里／小时,航向:341.4,10颗
2017年5月10日,9时38分33秒,E,11141.578,N,4047.971,1064米,0.00公里／小时,航向:341.4,10颗
2017年5月10日,9时38分34秒,E,11141.578,N,4047.971,1064米,0.00公里／小时,航向:341.4,10颗
2017年5月10日,9时38分35秒,E,11141.578,N,4047.971,1064米,0.00公里／小时,航向:341.4,10颗
2017年5月10日,9时38分36秒,E,11141.578,N,4047.971,1064米,0.00公里／小时,航向:341.4,10颗
2017年5月10日,9时38分37秒,E,11141.578,N,4047.972,1064米,1.85公里／小时,航向:335.6,10颗
2017年5月10日,9时38分38秒,E,11141.578,N,4047.972,1064米,1.85公里／小时,航向:338.4,10颗
2017年5月10日,9时38分39秒,E,11141.578,N,4047.973,1064米,1.85公里／小时,航向:345.1,10颗
2017年5月10日,9时38分40秒,E,11141.577,N,4047.973,1064米,1.85公里／小时,航向:344.4,10颗
2017年5月10日,9时38分41秒,E,11141.577,N,4047.974,1064米,1.85公里／小时,航向:343.8,10颗
2017年5月10日,9时38分42秒,E,11141.577,N,4047.974,1064米,1.85公里／小时,航向:346.0,09颗
2017年5月10日,9时38分43秒,E,11141.577,N,4047.975,1064米,1.85公里／小时,航向:348.3,09颗
2017年5月10日,9时38分44秒,E,11141.577,N,4047.975,1064米,0.00公里／小时,航向:356.5,09颗
2017年5月10日,9时38分45秒,E,11141.577,N,4047.975,1064米,0.00公里／小时,航向:356.5,10颗
2017年5月10日,9时38分46秒,E,11141.577,N,4047.975,1063米,0.00公里／小时,航向:356.5,09颗
2017年5月10日,9时38分47秒,E,11141.577,N,4047.975,1063米,0.00公里／小时,航向:351.0,09颗
2017年5月10日,9时38分48秒,E,11141.577,N,4047.976,1063米,0.00公里／小时,航向:338.0,09颗
2017年5月10日,9时38分49秒,E,11141.577,N,4047.976,1063米,1.85公里／小时,航向:334.6,09颗
2017年5月10日,9时38分50秒,E,11141.577,N,4047.976,1063米,0.00公里／小时,航向:351.2,10颗
2017年5月10日,9时38分51秒,E,11141.577,N,4047.976,1063米,0.00公里／小时,航向:351.2,08颗
2017年5月10日,9时38分52秒,E,11141.577,N,4047.976,1063米,0.00公里／小时,航向:351.2,09颗
2017年5月10日,9时38分53秒,E,11141.577,N,4047.976,1063米,0.00公里／小时,航向:351.2,09颗
2017年5月10日,9时38分54秒,E,11141.577,N,4047.976,1063米,0.00公里／小时,航向:351.2,09颗
2017年5月10日,9时38分55秒,E,11141.577,N,4047.976,1063米,0.00公里／小时,航向:351.2,09颗
2017年5月10日,9时38分56秒,E,11141.577,N,4047.976,1063米,0.00公里／小时,航向:351.2,09颗
2017年5月10日,9时38分57秒,E,11141.577,N,4047.976,1063米,0.00公里／小时,航向:351.2,09颗
2017年5月10日,9时38分58秒,E,11141.577,N,4047.976,1063米,0.00公里／小时,航向:351.2,09颗
2017年5月10日,9时38分59秒,E,11141.577,N,4047.976,1063米,0.00公里／小时,航向:351.2,10颗
2017年5月10日,9时39分0秒,E,11141.577,N,4047.976,1063米,0.00公里／小时,航向:351.2,10颗
2017年5月10日,9时39分1秒,E,11141.577,N,4047.976,1063米,0.00公里／小时,航向:351.2,10颗
2017年5月10日,9时39分2秒,E,11141.577,N,4047.976,1063米,0.00公里／小时,航向:351.2,10颗
2017年5月10日,9时39分3秒,E,11141.577,N,4047.976,1063米,0.00公里／小时,航向:351.2,10颗
2017年5月10日,9时39分4秒,E,11141.577,N,4047.976,1063米,0.00公里／小时,航向:351.2,10颗
2017年5月10日,9时39分5秒,E,11141.577,N,4047.976,1063米,0.00公里／小时,航向:351.2,10颗
2017年5月10日,9时39分6秒,E,11141.577,N,4047.976,1063米,0.00公里／小时,航向:351.2,09颗
2017年5月10日,9时39分7秒,E,11141.577,N,4047.976,1063米,0.00公里／小时,航向:351.2,09颗
2017年5月10日,9时39分8秒,E,11141.577,N,4047.976,1063米,0.00公里／小时,航向:351.2,10颗
2017年5月10日,9时39分9秒,E,11141.577,N,4047.976,1063米,0.00公里／小时,航向:351.2,10颗
2017年5月10日,9时39分10秒,E,11141.577,N,4047.976,1063米,0.00公里／小时,航向:351.2,10颗
2017年5月10日,9时39分11秒,E,11141.577,N,4047.976,1063米,0.00公里／小时,航向:351.2,10颗
2017年5月10日,9时39分12秒,E,11141.577,N,4047.976,1063米,0.00公里／小时,航向:351.2,10颗
2017年5月10日,9时39分13秒,E,11141.576,N,4047.977,1063米,3.70公里／小时,航向:323.8,10颗
2017年5月10日,9时39分14秒,E,11141.575,N,4047.978,1063米,11.11公里／小时,航向:324.5,10颗
2017年5月10日,9时39分15秒,E,11141.574,N,4047.981,1063米,14.82公里／小时,航向:325.9,09颗
2017年5月10日,9时39分16秒,E,11141.573,N,4047.983,1063米,16.67公里／小时,航向:326.8,10颗
2017年5月10日,9时39分17秒,E,11141.572,N,4047.986,1063米,20.37公里／小时,航向:328.2,10颗
2017年5月10日,9时39分18秒,E,11141.570,N,4047.990,1063米,22.22公里／小时,航向:329.7,10颗
2017年5月10日,9时39分19秒,E,11141.569,N,4047.993,1063米,20.37公里／小时,航向:331.0,10颗
2017年5月10日,9时39分20秒,E,11141.567,N,4047.996,1063米,18.52公里／小时,航向:332.2,10颗
2017年5月10日,9时39分21秒,E,11141.566,N,4047.998,1063米,14.82公里／小时,航向:333.4,10颗
2017年5月10日,9时39分22秒,E,11141.565,N,4048.000,1064米,11.11公里／小时,航向:334.3,10颗
2017年5月10日,9时39分23秒,E,11141.564,N,4048.002,1064米,12.96公里／小时,航向:335.2,10颗
2017年5月10日,9时39分24秒,E,11141.562,N,4048.005,1065米,16.67公里／小时,航向:336.0,10颗
2017年5月10日,9时39分25秒,E,11141.560,N,4048.007,1066米,16.67公里／小时,航向:336.9,10颗
2017年5月10日,9时39分26秒,E,11141.559,N,4048.010,1066米,18.52公里／小时,航向:337.6,10颗
2017年5月10日,9时39分27秒,E,11141.557,N,4048.013,1067米,22.22公里／小时,航向:339.7,10颗
2017年5月10日,9时39分28秒,E,11141.555,N,4048.016,1067米,24.08公里／小时,航向:340.9,10颗
2017年5月10日,9时39分29秒,E,11141.554,N,4048.020,1068米,25.93公里／小时,航向:341.7,10颗
2017年5月10日,9时39分30秒,E,11141.552,N,4048.024,1069米,25.93公里／小时,航向:342.2,10颗
2017年5月10日,9时39分31秒,E,11141.550,N,4048.028,1069米,25.93公里／小时,航向:342.3,10颗
2017年5月10日,9时39分31秒,E,11141.550,N,4048.028,1069米,25.93公里／小时,航向:342.3,10颗
2017年5月10日,9时39分32秒,E,11141.549,N,4048.031,1069米,22.22公里／小时,航向:341.9,10颗
2017年5月10日,9时39分33秒,E,11141.547,N,4048.034,1069米,16.67公里／小时,航向:341.9,10颗
2017年5月10日,9时39分34秒,E,11141.546,N,4048.037,1069米,12.96公里／小时,航向:341.7,10颗
2017年5月10日,9时39分35秒,E,11141.545,N,4048.039,1068米,14.82公里／小时,航向:342.2,09颗
2017年5月10日,9时39分36秒,E,11141.544,N,4048.042,1069米,18.52公里／小时,航向:342.2,10颗
2017年5月10日,9时39分37秒,E,11141.543,N,4048.045,1069米,18.52公里／小时,航向:341.7,09颗
2017年5月10日,9时39分38秒,E,11141.541,N,4048.047,1068米,20.37公里／小时,航向:340.9,09颗
2017年5月10日,9时39分39秒,E,11141.540,N,4048.051,1068米,22.22公里／小时,航向:339.6,09颗
2017年5月10日,9时39分40秒,E,11141.538,N,4048.054,1067米,25.93公里／小时,航向:338.2,09颗
2017年5月10日,9时39分41秒,E,11141.535,N,4048.058,1067米,29.63公里／小时,航向:337.5,08颗
2017年5月10日,9时39分42秒,E,11141.533,N,4048.063,1067米,31.48公里／小时,航向:338.0,09颗
2017年5月10日,9时39分44秒,E,11141.529,N,4048.072,1067米,27.78公里／小时,航向:339.2,09颗
2017年5月10日,9时39分45秒,E,11141.527,N,4048.076,1067米,29.63公里／小时,航向:341.1,09颗
2017年5月10日,9时39分46秒,E,11141.526,N,4048.081,1068米,31.48公里／小时,航向:343.0,09颗
2017年5月10日,9时39分46秒,E,11141.526,N,4048.081,1068米,31.48公里／小时,航向:343.0,09颗
2017年5月10日,9时39分48秒,E,11141.523,N,4048.092,1068米,35.19公里／小时,航向:345.9,08颗
2017年5月10日,9时39分48秒,E,11141.523,N,4048.092,1069米,35.19公里／小时,航向:345.9,08颗
2017年5月10日,9时39分50秒,E,11141.519,N,4048.103,1069米,37.04公里／小时,航向:346.0,08颗
2017年5月10日,9时39分50秒,E,11141.519,N,4048.103,1070米,37.04公里／小时,航向:346.0,09颗
2017年5月10日,9时39分51秒,E,11141.516,N,4048.108,1070米,37.04公里／小时,航向:345.7,09颗
2017年5月10日,9时39分52秒,E,11141.513,N,4048.113,1070米,38.89公里／小时,航向:345.4,09颗
2017年5月10日,9时39分53秒,E,11141.510,N,4048.119,1070米,38.89公里／小时,航向:344.6,09颗
2017年5月10日,9时39分55秒,E,11141.505,N,4048.131,1070米,38.89公里／小时,航向:342.0,09颗
2017年5月10日,9时39分55秒,E,11141.505,N,4048.131,1069米,38.89公里／小时,航向:342.0,09颗
2017年5月10日,9时39分56秒,E,11141.502,N,4048.137,1069米,40.74公里／小时,航向:341.1,09颗
2017年5月10日,9时39分57秒,E,11141.499,N,4048.142,1070米,38.89公里／小时,航向:340.5,10颗
2017年5月10日,9时39分58秒,E,11141.496,N,4048.148,1070米,37.04公里／小时,航向:340.5,10颗
2017年5月10日,9时39分59秒,E,11141.494,N,4048.153,1070米,35.19公里／小时,航向:341.6,10颗
2017年5月10日,9时40分0秒,E,11141.492,N,4048.158,1070米,33.34公里／小时,航向:343.0,10颗
2017年5月10日,9时40分2秒,E,11141.488,N,4048.168,1070米,33.34公里／小时,航向:343.7,10颗
2017年5月10日,9时40分2秒,E,11141.488,N,4048.168,1069米,33.34公里／小时,航向:343.7,10颗
2017年5月10日,9时40分4秒,E,11141.483,N,4048.178,1069米,33.34公里／小时,航向:341.3,10颗
2017年5月10日,9时40分4秒,E,11141.483,N,4048.178,1070米,33.34公里／小时,航向:341.3,10颗
2017年5月10日,9时40分5秒,E,11141.481,N,4048.183,1069米,33.34公里／小时,航向:340.1,10颗
2017年5月10日,9时40分6秒,E,11141.478,N,4048.189,1069米,33.34公里／小时,航向:340.0,10颗
2017年5月10日,9时40分7秒,E,11141.476,N,4048.193,1069米,33.34公里／小时,航向:340.2,10颗
2017年5月10日,9时40分8秒,E,11141.473,N,4048.198,1069米,31.48公里／小时,航向:340.5,10颗
2017年5月10日,9时40分9秒,E,11141.471,N,4048.203,1070米,31.48公里／小时,航向:341.2,10颗
2017年5月10日,9时40分10秒,E,11141.469,N,4048.207,1070米,31.48公里／小时,航向:341.3,10颗
2017年5月10日,9时40分11秒,E,11141.466,N,4048.212,1070米,31.48公里／小时,航向:341.1,10颗
2017年5月10日,9时40分12秒,E,11141.464,N,4048.216,1070米,29.63公里／小时,航向:341.3,10颗
2017年5月10日,9时40分13秒,E,11141.462,N,4048.221,1070米,29.63公里／小时,航向:342.1,10颗
2017年5月10日,9时40分14秒,E,11141.460,N,4048.225,1070米,31.48公里／小时,航向:342.3,10颗
2017年5月10日,9时40分16秒,E,11141.455,N,4048.235,1071米,35.19公里／小时,航向:340.2,10颗
2017年5月10日,9时40分16秒,E,11141.455,N,4048.235,1070米,35.19公里／小时,航向:340.2,10颗
2017年5月10日,9时40分17秒,E,11141.452,N,4048.240,1071米,37.04公里／小时,航向:339.4,10颗
2017年5月10日,9时40分19秒,E,11141.447,N,4048.250,1071米,33.34公里／小时,航向:339.5,10颗
2017年5月10日,9时40分19秒,E,11141.447,N,4048.250,1071米,33.34公里／小时,航向:339.5,10颗
2017年5月10日,9时40分20秒,E,11141.445,N,4048.255,1071米,29.63公里／小时,航向:340.6,10颗
2017年5月10日,9时40分22秒,E,11141.441,N,4048.262,1071米,24.08公里／小时,航向:340.4,10颗
2017年5月10日,9时40分22秒,E,11141.441,N,4048.262,1071米,24.08公里／小时,航向:340.4,10颗
2017年5月10日,9时40分23秒,E,11141.439,N,4048.265,1071米,20.37公里／小时,航向:339.8,10颗
2017年5月10日,9时40分24秒,E,11141.438,N,4048.268,1071米,16.67公里／小时,航向:339.6,10颗
2017年5月10日,9时40分25秒,E,11141.438,N,4048.270,1071米,9.26公里／小时,航向:340.3,10颗
2017年5月10日,9时40分26秒,E,11141.438,N,4048.272,1070米,3.70公里／小时,航向:340.6,10颗
2017年5月10日,9时40分28秒,E,11141.438,N,4048.273,1070米,0.00公里／小时,航向:340.9,10颗
2017年5月10日,9时40分29秒,E,11141.438,N,4048.273,1070米,0.00公里／小时,航向:340.9,10颗
2017年5月10日,9时40分29秒,E,11141.438,N,4048.273,1070米,0.00公里／小时,航向:340.9,10颗
2017年5月10日,9时40分30秒,E,11141.438,N,4048.273,1070米,0.00公里／小时,航向:340.9,10颗
2017年5月10日,9时40分31秒,E,11141.437,N,4048.273,1070米,0.00公里／小时,航向:340.9,10颗
2017年5月10日,9时40分32秒,E,11141.437,N,4048.273,1070米,0.00公里／小时,航向:340.9,10颗
2017年5月10日,9时40分34秒,E,11141.437,N,4048.273,1070米,0.00公里／小时,航向:340.9,10颗
2017年5月10日,9时40分34秒,E,11141.437,N,4048.273,1070米,0.00公里／小时,航向:340.9,10颗
2017年5月10日,9时40分35秒,E,11141.437,N,4048.273,1070米,0.00公里／小时,航向:340.9,10颗
2017年5月10日,9时40分36秒,E,11141.437,N,4048.273,1070米,0.00公里／小时,航向:340.9,10颗
2017年5月10日,9时40分37秒,E,11141.436,N,4048.273,1070米,0.00公里／小时,航向:340.9,10颗
2017年5月10日,9时40分38秒,E,11141.436,N,4048.273,1070米,0.00公里／小时,航向:340.9,10颗
2017年5月10日,9时40分39秒,E,11141.436,N,4048.273,1070米,0.00公里／小时,航向:340.9,10颗
2017年5月10日,9时40分40秒,E,11141.436,N,4048.273,1070米,0.00公里／小时,航向:340.9,10颗
2017年5月10日,9时40分41秒,E,11141.436,N,4048.273,1070米,3.70公里／小时,航向:340.9,10颗
2017年5月10日,9时40分42秒,E,11141.435,N,4048.273,1070米,5.56公里／小时,航向:239.1,10颗
2017年5月10日,9时40分43秒,E,11141.434,N,4048.272,1069米,7.41公里／小时,航向:203.6,10颗
2017年5月10日,9时40分44秒,E,11141.433,N,4048.270,1069米,9.26公里／小时,航向:178.3,10颗
2017年5月10日,9时40分45秒,E,11141.434,N,4048.268,1068米,14.82公里／小时,航向:156.6,10颗
2017年5月10日,9时40分46秒,E,11141.436,N,4048.266,1068米,16.67公里／小时,航向:153.1,10颗
2017年5月10日,9时40分47秒,E,11141.437,N,4048.263,1067米,18.52公里／小时,航向:155.3,10颗
2017年5月10日,9时40分48秒,E,11141.439,N,4048.260,1066米,20.37公里／小时,航向:156.6,10颗
2017年5月10日,9时40分49秒,E,11141.440,N,4048.257,1065米,22.22公里／小时,航向:158.3,10颗
2017年5月10日,9时40分50秒,E,11141.442,N,4048.254,1065米,24.08公里／小时,航向:160.0,09颗
2017年5月10日,9时40分51秒,E,11141.444,N,4048.250,1064米,24.08公里／小时,航向:160.3,09颗
2017年5月10日,9时40分52秒,E,11141.445,N,4048.247,1064米,24.08公里／小时,航向:161.5,09颗
2017年5月10日,9时40分53秒,E,11141.447,N,4048.243,1063米,25.93公里／小时,航向:162.6,10颗
2017年5月10日,9时40分54秒,E,11141.448,N,4048.240,1062米,25.93公里／小时,航向:163.2,09颗
2017年5月10日,9时40分55秒,E,11141.450,N,4048.236,1062米,25.93公里／小时,航向:163.4,09颗
2017年5月10日,9时40分56秒,E,11141.451,N,4048.232,1061米,24.08公里／小时,航向:163.6,09颗
2017年5月10日,9时40分57秒,E,11141.452,N,4048.229,1060米,22.22公里／小时,航向:164.2,10颗
2017年5月10日,9时40分58秒,E,11141.453,N,4048.226,1060米,20.37公里／小时,航向:164.5,10颗
2017年5月10日,9时40分59秒,E,11141.454,N,4048.223,1059米,14.82公里／小时,航向:165.1,10颗
2017年5月10日,9时41分0秒,E,11141.454,N,4048.220,1058米,11.11公里／小时,航向:166.8,10颗
2017年5月10日,9时41分1秒,E,11141.454,N,4048.219,1058米,7.41公里／小时,航向:175.7,10颗
2017年5月10日,9时41分2秒,E,11141.454,N,4048.218,1058米,5.56公里／小时,航向:186.3,10颗
2017年5月10日,9时41分3秒,E,11141.454,N,4048.217,1057米,5.56公里／小时,航向:201.9,10颗
2017年5月10日,9时41分4秒,E,11141.453,N,4048.216,1057米,5.56公里／小时,航向:220.2,10颗
2017年5月10日,9时41分5秒,E,11141.452,N,4048.215,1056米,5.56公里／小时,航向:219.9,10颗
2017年5月10日,9时41分6秒,E,11141.451,N,4048.214,1056米,5.56公里／小时,航向:221.4,10颗
2017年5月10日,9时41分7秒,E,11141.450,N,4048.214,1055米,7.41公里／小时,航向:224.2,10颗
2017年5月10日,9时41分8秒,E,11141.449,N,4048.213,1055米,7.41公里／小时,航向:226.4,10颗
2017年5月10日,9时41分9秒,E,11141.447,N,4048.213,1055米,7.41公里／小时,航向:228.9,10颗
2017年5月10日,9时41分10秒,E,11141.445,N,4048.212,1054米,7.41公里／小时,航向:256.4,10颗
2017年5月10日,9时41分11秒,E,11141.444,N,4048.212,1054米,7.41公里／小时,航向:255.0,10颗
2017年5月10日,9时41分12秒,E,11141.442,N,4048.211,1054米,5.56公里／小时,航向:254.4,10颗
2017年5月10日,9时41分13秒,E,11141.442,N,4048.211,1053米,0.00公里／小时,航向:254.4,10颗
2017年5月10日,9时41分15秒,E,11141.441,N,4048.211,1054米,0.00公里／小时,航向:254.4,10颗
2017年5月10日,9时41分15秒,E,11141.441,N,4048.211,1054米,0.00公里／小时,航向:254.4,10颗
2017年5月10日,9时41分16秒,E,11141.441,N,4048.211,1054米,0.00公里／小时,航向:254.3,10颗
2017年5月10日,9时41分17秒,E,11141.441,N,4048.211,1054米,0.00公里／小时,航向:254.4,10颗
2017年5月10日,9时41分18秒,E,11141.441,N,4048.211,1054米,0.00公里／小时,航向:254.4,10颗
2017年5月10日,9时41分19秒,E,11141.441,N,4048.211,1054米,0.00公里／小时,航向:254.4,10颗
2017年5月10日,9时41分20秒,E,11141.440,N,4048.210,1054米,0.00公里／小时,航向:254.4,10颗
2017年5月10日,9时41分21秒,E,11141.438,N,4048.211,1054米,14.82公里／小时,航向:281.9,10颗
2017年5月10日,9时41分23秒,E,11141.430,N,4048.212,1053米,18.52公里／小时,航向:281.8,10颗
2017年5月10日,9时41分24秒,E,11141.425,N,4048.212,1053米,18.52公里／小时,航向:271.1,09颗
2017年5月10日,9时41分24秒,E,11141.425,N,4048.212,1053米,18.52公里／小时,航向:271.1,10颗
2017年5月10日,9时41分25秒,E,11141.421,N,4048.212,1053米,18.52公里／小时,航向:256.0,10颗
2017年5月10日,9时41分26秒,E,11141.417,N,4048.211,1053米,16.67公里／小时,航向:243.6,10颗
2017年5月10日,9时41分27秒,E,11141.414,N,4048.210,1052米,14.82公里／小时,航向:232.4,10颗
2017年5月10日,9时41分28秒,E,11141.412,N,4048.208,1052米,12.96公里／小时,航向:222.3,10颗
2017年5月10日,9时41分29秒,E,11141.410,N,4048.207,1052米,11.11公里／小时,航向:210.5,10颗
2017年5月10日,9时41分30秒,E,11141.409,N,4048.205,1053米,11.11公里／小时,航向:196.5,10颗
2017年5月10日,9时41分31秒,E,11141.408,N,4048.203,1053米,9.26公里／小时,航向:176.7,10颗
2017年5月10日,9时41分32秒,E,11141.409,N,4048.201,1052米,11.11公里／小时,航向:170.5,10颗
2017年5月10日,9时41分33秒,E,11141.409,N,4048.199,1052米,12.96公里／小时,航向:168.3,10颗
2017年5月10日,9时41分34秒,E,11141.410,N,4048.197,1052米,16.67公里／小时,航向:168.0,10颗
2017年5月10日,9时41分35秒,E,11141.411,N,4048.195,1051米,18.52公里／小时,航向:167.2,10颗
2017年5月10日,9时41分36秒,E,11141.412,N,4048.192,1051米,18.52公里／小时,航向:164.9,10颗
2017年5月10日,9时41分37秒,E,11141.413,N,4048.189,1051米,18.52公里／小时,航向:162.1,10颗
2017年5月10日,9时41分38秒,E,11141.414,N,4048.186,1051米,18.52公里／小时,航向:163.2,10颗
2017年5月10日,9时41分40秒,E,11141.417,N,4048.180,1051米,20.37公里／小时,航向:161.8,10颗
2017年5月10日,9时41分40秒,E,11141.417,N,4048.180,1050米,20.37公里／小时,航向:161.8,10颗
2017年5月10日,9时41分41秒,E,11141.418,N,4048.177,1050米,22.22公里／小时,航向:160.1,10颗
2017年5月10日,9时41分42秒,E,11141.420,N,4048.173,1049米,22.22公里／小时,航向:158.8,10颗
2017年5月10日,9时41分44秒,E,11141.423,N,4048.166,1049米,24.08公里／小时,航向:158.5,10颗
2017年5月10日,9时41分44秒,E,11141.423,N,4048.166,1049米,24.08公里／小时,航向:158.5,10颗
2017年5月10日,9时41分45秒,E,11141.425,N,4048.163,1048米,24.08公里／小时,航向:158.6,10颗
2017年5月10日,9时41分47秒,E,11141.427,N,4048.156,1048米,22.22公里／小时,航向:166.9,10颗
2017年5月10日,9时41分48秒,E,11141.429,N,4048.152,1047米,24.08公里／小时,航向:163.4,10颗
2017年5月10日,9时41分48秒,E,11141.429,N,4048.152,1047米,24.08公里／小时,航向:163.4,10颗
2017年5月10日,9时41分49秒,E,11141.430,N,4048.149,1046米,24.08公里／小时,航向:162.8,10颗
2017年5月10日,9时41分50秒,E,11141.432,N,4048.145,1046米,24.08公里／小时,航向:162.1,10颗
2017年5月10日,9时41分51秒,E,11141.433,N,4048.142,1046米,25.93公里／小时,航向:160.9,10颗
2017年5月10日,9时41分52秒,E,11141.435,N,4048.138,1046米,25.93公里／小时,航向:160.1,10颗
2017年5月10日,9时41分53秒,E,11141.437,N,4048.134,1045米,24.08公里／小时,航向:160.2,10颗
2017年5月10日,9时41分54秒,E,11141.438,N,4048.130,1045米,24.08公里／小时,航向:167.0,10颗
2017年5月10日,9时41分55秒,E,11141.440,N,4048.126,1045米,22.22公里／小时,航向:166.2,10颗
2017年5月10日,9时41分56秒,E,11141.442,N,4048.123,1045米,22.22公里／小时,航向:164.3,10颗
2017年5月10日,9时41分57秒,E,11141.443,N,4048.120,1044米,22.22公里／小时,航向:164.9,10颗
2017年5月10日,9时41分58秒,E,11141.444,N,4048.117,1044米,20.37公里／小时,航向:163.9,10颗
2017年5月10日,9时41分59秒,E,11141.446,N,4048.114,1044米,20.37公里／小时,航向:162.8,10颗
2017年5月10日,9时42分0秒,E,11141.447,N,4048.111,1043米,20.37公里／小时,航向:162.7,10颗
2017年5月10日,9时42分1秒,E,11141.448,N,4048.108,1043米,20.37公里／小时,航向:162.0,10颗
2017年5月10日,9时42分2秒,E,11141.450,N,4048.105,1043米,20.37公里／小时,航向:161.3,10颗
2017年5月10日,9时42分3秒,E,11141.451,N,4048.102,1042米,20.37公里／小时,航向:160.7,09颗
2017年5月10日,9时42分4秒,E,11141.452,N,4048.098,1042米,20.37公里／小时,航向:161.0,10颗
2017年5月10日,9时42分5秒,E,11141.453,N,4048.096,1042米,18.52公里／小时,航向:171.4,10颗
2017年5月10日,9时42分6秒,E,11141.453,N,4048.093,1042米,16.67公里／小时,航向:187.2,10颗
2017年5月10日,9时42分7秒,E,11141.452,N,4048.091,1041米,16.67公里／小时,航向:199.6,10颗
2017年5月10日,9时42分8秒,E,11141.451,N,4048.088,1041米,14.82公里／小时,航向:215.7,10颗
2017年5月10日,9时42分9秒,E,11141.449,N,4048.087,1041米,12.96公里／小时,航向:229.1,10颗
2017年5月10日,9时42分10秒,E,11141.446,N,4048.086,1041米,14.82公里／小时,航向:243.3,10颗
2017年5月10日,9时42分11秒,E,11141.443,N,4048.085,1042米,16.67公里／小时,航向:245.2,10颗
2017年5月10日,9时42分13秒,E,11141.436,N,4048.083,1042米,14.82公里／小时,航向:253.7,10颗
2017年5月10日,9时42分14秒,E,11141.433,N,4048.082,1042米,14.82公里／小时,航向:252.7,10颗
2017年5月10日,9时42分14秒,E,11141.433,N,4048.082,1041米,14.82公里／小时,航向:252.7,10颗
2017年5月10日,9时42分15秒,E,11141.431,N,4048.081,1041米,12.96公里／小时,航向:252.0,10颗
2017年5月10日,9时42分16秒,E,11141.428,N,4048.081,1041米,12.96公里／小时,航向:248.9,10颗
2017年5月10日,9时42分18秒,E,11141.423,N,4048.079,1041米,12.96公里／小时,航向:250.0,10颗
2017年5月10日,9时42分18秒,E,11141.423,N,4048.079,1041米,12.96公里／小时,航向:250.0,10颗
2017年5月10日,9时42分20秒,E,11141.419,N,4048.078,1041米,9.26公里／小时,航向:251.7,10颗
2017年5月10日,9时42分20秒,E,11141.419,N,4048.078,1042米,9.26公里／小时,航向:251.7,10颗
2017年5月10日,9时42分21秒,E,11141.417,N,4048.077,1042米,5.56公里／小时,航向:251.9,10颗
2017年5月10日,9时42分23秒,E,11141.414,N,4048.076,1042米,7.41公里／小时,航向:258.6,10颗
2017年5月10日,9时42分23秒,E,11141.414,N,4048.076,1042米,7.41公里／小时,航向:258.6,10颗
2017年5月10日,9时42分24秒,E,11141.413,N,4048.076,1042米,5.56公里／小时,航向:256.9,10颗
2017年5月10日,9时42分26秒,E,11141.411,N,4048.075,1042米,5.56公里／小时,航向:253.5,10颗
2017年5月10日,9时42分26秒,E,11141.411,N,4048.075,1043米,5.56公里／小时,航向:253.5,10颗
2017年5月10日,9时42分28秒,E,11141.408,N,4048.075,1043米,5.56公里／小时,航向:249.8,10颗
2017年5月10日,9时42分28秒,E,11141.408,N,4048.075,1044米,5.56公里／小时,航向:249.8,10颗
2017年5月10日,9时42分30秒,E,11141.404,N,4048.074,1044米,5.56公里／小时,航向:250.6,10颗
2017年5月10日,9时42分31秒,E,11141.402,N,4048.074,1044米,5.56公里／小时,航向:252.0,10颗
2017年5月10日,9时42分32秒,E,11141.401,N,4048.075,1045米,5.56公里／小时,航向:255.6,10颗
2017年5月10日,9时42分32秒,E,11141.401,N,4048.075,1045米,5.56公里／小时,航向:255.6,10颗
2017年5月10日,9时42分33秒,E,11141.400,N,4048.076,1046米,7.41公里／小时,航向:260.9,10颗
2017年5月10日,9时42分35秒,E,11141.400,N,4048.078,1046米,3.70公里／小时,航向:354.6,10颗
2017年5月10日,9时42分35秒,E,11141.400,N,4048.078,1047米,3.70公里／小时,航向:354.6,10颗
2017年5月10日,9时42分37秒,E,11141.401,N,4048.079,1047米,3.70公里／小时,航向:354.6,10颗
2017年5月10日,9时42分37秒,E,11141.401,N,4048.079,1047米,3.70公里／小时,航向:354.6,10颗
2017年5月10日,9时42分39秒,E,11141.402,N,4048.080,1048米,3.70公里／小时,航向:354.6,10颗
2017年5月10日,9时42分39秒,E,11141.402,N,4048.080,1048米,3.70公里／小时,航向:354.6,10颗
2017年5月10日,9时42分40秒,E,11141.403,N,4048.080,1048米,1.85公里／小时,航向:354.6,10颗
2017年5月10日,9时42分41秒,E,11141.403,N,4048.080,1049米,1.85公里／小时,航向:354.6,10颗
2017年5月10日,9时42分42秒,E,11141.404,N,4048.080,1049米,1.85公里／小时,航向:354.6,10颗
2017年5月10日,9时42分44秒,E,11141.405,N,4048.080,1049米,1.85公里／小时,航向:354.6,10颗
2017年5月10日,9时42分44秒,E,11141.405,N,4048.080,1049米,1.85公里／小时,航向:354.6,10颗
2017年5月10日,9时42分45秒,E,11141.405,N,4048.081,1049米,1.85公里／小时,航向:354.6,10颗
2017年5月10日,9时42分47秒,E,11141.407,N,4048.081,1049米,1.85公里／小时,航向:354.6,10颗
2017年5月10日,9时42分47秒,E,11141.407,N,4048.081,1049米,1.85公里／小时,航向:354.6,10颗
2017年5月10日,9时42分49秒,E,11141.407,N,4048.081,1050米,0.00公里／小时,航向:354.6,10颗
2017年5月10日,9时42分50秒,E,11141.407,N,4048.081,1050米,0.00公里／小时,航向:354.6,10颗
2017年5月10日,9时42分50秒,E,11141.407,N,4048.081,1050米,0.00公里／小时,航向:354.6,10颗
2017年5月10日,9时42分52秒,E,11141.408,N,4048.081,1050米,0.00公里／小时,航向:354.6,10颗
2017年5月10日,9时42分53秒,E,11141.408,N,4048.081,1050米,0.00公里／小时,航向:354.6,10颗
2017年5月10日,9时42分53秒,E,11141.408,N,4048.081,1050米,0.00公里／小时,航向:354.6,10颗
2017年5月10日,9时42分55秒,E,11141.408,N,4048.081,1050米,0.00公里／小时,航向:354.6,10颗
2017年5月10日,9时42分56秒,E,11141.408,N,4048.081,1050米,0.00公里／小时,航向:354.6,10颗
2017年5月10日,9时42分56秒,E,11141.408,N,4048.081,1050米,0.00公里／小时,航向:354.6,10颗
2017年5月10日,9时42分58秒,E,11141.408,N,4048.081,1050米,0.00公里／小时,航向:354.6,10颗
2017年5月10日,9时42分58秒,E,11141.408,N,4048.081,1050米,0.00公里／小时,航向:354.6,10颗
2017年5月10日,9时43分0秒,E,11141.408,N,4048.081,1050米,0.00公里／小时,航向:354.6,09颗
2017年5月10日,9时43分0秒,E,11141.408,N,4048.081,1050米,0.00公里／小时,航向:354.6,09颗
2017年5月10日,9时43分2秒,E,11141.408,N,4048.081,1050米,0.00公里／小时,航向:354.6,09颗
2017年5月10日,9时43分3秒,E,11141.408,N,4048.081,1050米,0.00公里／小时,航向:354.6,09颗
2017年5月10日,9时43分3秒,E,11141.408,N,4048.081,1050米,0.00公里／小时,航向:354.6,09颗
2017年5月10日,9时43分5秒,E,11141.408,N,4048.081,1050米,0.00公里／小时,航向:354.6,09颗
2017年5月10日,9时43分5秒,E,11141.408,N,4048.081,1050米,0.00公里／小时,航向:354.6,09颗
2017年5月10日,9时43分6秒,E,11141.408,N,4048.081,1050米,0.00公里／小时,航向:354.6,09颗
2017年5月10日,9时43分7秒,E,11141.408,N,4048.081,1050米,0.00公里／小时,航向:354.6,09颗
2017年5月10日,9时43分9秒,E,11141.408,N,4048.081,1050米,0.00公里／小时,航向:354.6,09颗
2017年5月10日,9时43分10秒,E,11141.408,N,4048.081,1050米,0.00公里／小时,航向:354.6,09颗
2017年5月10日,9时43分10秒,E,11141.408,N,4048.081,1050米,0.00公里／小时,航向:354.6,09颗
